Date,ADANIENT.NS,ADANIPORTS.NS,APOLLOHOSP.NS,ASIANPAINT.NS,AXISBANK.NS,BAJAJ-AUTO.NS,BAJAJFINSV.NS,BAJFINANCE.NS,BEL.NS,BPCL.NS,BHARTIARTL.NS,BRITANNIA.NS,CIPLA.NS,COALINDIA.NS,DRREDDY.NS,EICHERMOT.NS,GRASIM.NS,HCLTECH.NS,HDFCBANK.NS,HDFCLIFE.NS,HEROMOTOCO.NS,HINDALCO.NS,HINDUNILVR.NS,ICICIBANK.NS,INDUSINDBK.NS,INFY.NS,ITC.NS,JSWSTEEL.NS,KOTAKBANK.NS,LT.NS,M&M.NS,MARUTI.NS,NESTLEIND.NS,NTPC.NS,ONGC.NS,POWERGRID.NS,RELIANCE.NS,SBILIFE.NS,SBIN.NS,SUNPHARMA.NS,TATACONSUM.NS,TATAMOTORS.NS,TATASTEEL.NS,TCS.NS,TECHM.NS,TITAN.NS,TRENT.NS,ULTRACEMCO.NS,WIPRO.NS
12/23/2024,2338.949951,1191.800049,7254.838867,2279.199951,1079.150024,8768.450195,1563.400024,6866.700195,292.7287292,283.4983826,1586.900024,4704.350098,1476.050049,377.3805542,1341.349976,4750.549805,2526.199951,1896.629272,1801,622.5499878,4168.021484,634.1500244,2338.899902,1296.800049,945.7000122,1924.300049,466.8805847,937.0499878,1745.349976,3640.5,2909.300049,10822,2137.90918,331.0675659,236.1486664,311.6552124,1222.300049,1402.630493,821.1500244,1803.729492,902.75,722.2000122,141.7100067,4148.414063,1712.400024,3396.949951,6946,11472.59961,301.9009705
12/24/2024,2372.449951,1182.199951,7229.774414,2284,1078.900024,8778.049805,1564.550049,6808.200195,290.8392029,286.3421936,1583.900024,4744.100098,1475.75,378.9079895,1350.900024,4792.899902,2501.850098,1890.599487,1798.099976,622.5,4154.852051,627.4500122,2335.550049,1297.25,935.2999878,1909.050049,471.0153198,921.8499756,1749.050049,3639.75,2928.699951,10736.59961,2152.912842,332.7047729,234.2857361,306.5153503,1222.75,1384.365112,812.0499878,1808.103149,907.2999878,736.0999756,140.3800049,4169.563477,1704.900024,3353.399902,7007.149902,11390.34961,299.3516235
12/26/2024,2400.25,1243.949951,7250.894531,2262.399902,1076.699951,8878.5,1559.300049,6815.75,293.5740356,289.8724365,1599.5,4761.649902,1490.550049,380.9774475,1355.150024,4801.350098,2482.050049,1894.386719,1790.75,626.4000244,4170.362793,628.75,2332.75,1297.349976,931.9500122,1907.400024,469.5386353,914.4500122,1752.800049,3629.5,2975.649902,10896,2136.219727,332.0598145,235.5603638,306.7130127,1216.550049,1406.373291,812.4500122,1830.319214,900.9500122,740.7999878,140.3600006,4159.188477,1698.699951,3323.050049,7063.700195,11460.65039,299.1064758
12/27/2024,2409.949951,1230.699951,7236.06543,2271.399902,1077.449951,8928.299805,1579.300049,6907.75,290.4413757,287.8621216,1599.849976,4769.299805,1506.599976,374.966156,1389.449951,4876.899902,2480.300049,1885.666016,1798.25,621.9000244,4134.219727,617.4000244,2341.25,1307.550049,953.4000244,1916.75,471.1629944,913.2999878,1759.900024,3608.100098,3049.449951,10941.0498,2151.820068,332.4071045,232.2757568,305.8234253,1221.050049,1402.630493,799.6500244,1850.100098,907.9500122,750.5,138.9100037,4154.94873,1711.650024,3309.199951,7118.299805,11406.5498,303.0776062
12/30/2024,2592.350098,1218.5,7303.919434,2288.25,1069.949951,8779.900391,1576.699951,6888.25,283.3307495,287.6169739,1586.900024,4799.450195,1521.400024,372.4039612,1376.900024,4855.799805,2443.5,1922.49231,1777.900024,617.4000244,4085.102295,601.0999756,2343.5,1294.650024,963.5,1906,469.5878296,898.9500122,1740.699951,3578.949951,3002.899902,10798.9502,2146.156006,328.8349609,228.1087036,303.994812,1210.699951,1401.183105,788.2999878,1872.61438,903.5,733.6500244,136.8800049,4148.912598,1740.849976,3257.350098,6954.350098,11288.34961,297.7828064
12/31/2024,2528.649902,1231.099976,7286.044922,2281.350098,1064.699951,8798.599609,1568.099976,6823,291.5353088,286.7834778,1587.75,4762.75,1529,378.5630798,1388.5,4821.899902,2442.699951,1910.981079,1772.849976,617.0499878,4058.762939,602.4500122,2326.850098,1281.650024,960.1500244,1880,476.134491,901.5,1786.050049,3607.649902,3007.100098,10858.40039,2156.241699,330.7698975,234.5798798,305.1315308,1215.449951,1387.758789,794.9500122,1875.049683,914.7000122,740.1500244,138.0500031,4085.065186,1706.199951,3253.149902,7123.350098,11426.34961,295.9688416
1/1/2025,2554.850098,1218.699951,7359.241211,2304.649902,1071.800049,8740.549805,1576.400024,6935.299805,292.281189,289.5782166,1595.699951,4794.75,1529.099976,380.7803345,1369,4885.299805,2442.149902,1905.549194,1782.75,617.2000122,4081.931641,592.9500122,2322.100098,1283.650024,969.4000244,1882.5,476.4298706,905.4500122,1788.400024,3667.5,3082,11208.2998,2155.446777,331.0675659,232.3247833,306.8118591,1221.25,1397.739746,793.2000122,1878.628052,920.2999878,749.25,136.7400055,4102.67334,1703.849976,3253.850098,7068.049805,11447,294.4490356
1/2/2025,2597.699951,1226,7411.16748,2343.25,1086.599976,9079.5,1700.650024,7389.200195,295.1652222,291.1472168,1609.699951,4787.799805,1537.900024,387.2351074,1375.050049,5308.100098,2543.949951,1965.597534,1793.75,620.1500244,4205.969238,599,2370,1290.599976,991.3499756,1957.849976,481.450592,912.5,1837.150024,3713.5,3211.100098,11841.2998,2186.199707,335.3838806,241.2667694,311.506958,1241.800049,1419.548218,801.2000122,1866.749756,929.6500244,765.0499878,138.1799927,4165.822754,1726.949951,3388.949951,7321,11797.7002,297.8808594
1/3/2025,2564.600098,1199.550049,7288.041992,2335.949951,1084.900024,8965.700195,1701.099976,7407.25,290.3419495,290.6569214,1598.849976,4834.100098,1511.25,387.9248962,1352.650024,5310.75,2510,1940.133179,1749.199951,623,4139.243652,591.1500244,2406.25,1265.050049,997.9000244,1938.75,474.1163635,915.0499878,1838.650024,3659.899902,3190.550049,11934.25,2218.49292,337.219574,253.8365326,312.3965454,1251.150024,1444.949829,793.4000244,1838.56958,939.4500122,790.4000244,138.3600006,4090.152832,1689.449951,3451.649902,7307.700195,11786,288.7130432
1/6/2025,2474.449951,1163.050049,7418.657227,2267.149902,1063.400024,8823.849609,1684.599976,7349.350098,280.5959167,279.330719,1588.449951,4791.25,1491.400024,373.2416077,1350.349976,5250.100098,2460.550049,1946.511719,1710.5,605.9500122,4099.929688,574.0999756,2376.199951,1264.099976,970.0499878,1937.849976,435.7716064,900.9000244,1779.650024,3603.199951,3105.699951,11755.65039,2171.096436,324.9651489,249.3949432,302.462738,1218,1431.924683,776.4000244,1836.333008,946.9000244,776.25,132.1799927,4085.264648,1686.300049,3470.399902,6998.350098,11503.59961,288.5659485
1/7/2025,2520.550049,1174,7426.246582,2292.600098,1067.5,8810.299805,1682.75,7353.950195,285.4191895,277.3204346,1590.849976,4832.25,1497.449951,374.2763367,1351.550049,5177.299805,2467.25,1909.486084,1713.400024,619.8499756,4060.177246,584.5,2390.800049,1279.25,983.5999756,1930.849976,434.245697,911.7999878,1772.050049,3643.300049,3108.850098,11721.2998,2198.570557,326.0566406,258.3467102,301.5237122,1240.849976,1474.942749,778.75,1842.297119,955,793.25,133.3800049,4018.723145,1671.150024,3505.100098,6874.299805,11618.5498,288.3208008
1/8/2025,2515.25,1152.300049,7132.561523,2334.350098,1074.949951,8642.25,1697,7355.399902,280.5462036,281.2429199,1599.199951,4859.899902,1494.900024,374.8183594,1370.75,5163.200195,2435.75,1925.78125,1694.300049,618,4036.813721,586.6500244,2401,1263.75,981.0499878,1933.150024,442.5643921,902.2999878,1768.650024,3596.350098,3086.100098,11822,2205.774414,322.8814087,266.0336914,303.1052246,1265.5,1460.370483,771.1500244,1826.740845,961.5999756,794.9500122,132.6399994,4098.632813,1663.75,3484.050049,6699.100098,11403.5498,291.7526245
1/9/2025,2477.899902,1132.349976,7081.533691,2350.199951,1061.75,8835.849609,1690.300049,7277.450195,279.7008667,274.574707,1607.050049,4926.299805,1488.199951,366.7868958,1371.599976,5139.899902,2410.399902,1928.322754,1667.800049,612.2000122,4039.886475,589.25,2435.399902,1262.400024,980.9000244,1917.300049,443.1058655,890.9500122,1790.199951,3527.899902,3126.5,11740.5498,2241.694336,317.8705139,258.0427551,301.721405,1254.75,1465.6604,760.4500122,1815.409058,970.0999756,780.0999756,129.9299927,4029.248291,1642.800049,3487.050049,6621.700195,11259.7998,286.6049194
1/10/2025,2374.399902,1112.199951,7026.811523,2320.75,1040.699951,8764,1701.25,7288.049805,269.5073242,272.2702332,1615.900024,4939.200195,1468.800049,363.140686,1354.400024,5058.450195,2364.100098,1988.420898,1656.75,608.6500244,4021.302979,574.4500122,2442.050049,1249.849976,937.5999756,1966.949951,437.9866333,900.0999756,1756.199951,3536.149902,3092.850098,11631.09961,2233.596191,305.8641663,257.8858948,296.2355652,1241.900024,1475.491821,743.25,1774.108032,972.7999878,774.6500244,127.4300003,4255.508789,1705.599976,3440.25,6584.100098,10865.2002,294.6941528
1/13/2025,2225.149902,1066.650024,6829.939941,2252.649902,1049.300049,8596.25,1674.150024,7150.950195,258.1701355,260.1595154,1597.199951,4927.049805,1439.199951,357.6221313,1335.099976,4939.100098,2288.149902,1982.73999,1630.849976,599.75,3944.675293,563.75,2451,1229.75,941.7000122,1962.199951,432.2275391,883.75,1738.400024,3464.300049,2999.649902,11497.7002,2223.113525,295.8919678,250.7381897,284.2754517,1239.849976,1464.612427,729.5,1736.435059,965.4500122,751,122.9300003,4280.898438,1659.650024,3382.75,6224.399902,10615.15039,286.1636963
1/14/2025,2380.550049,1117.099976,6697.377441,2239.949951,1051.650024,8611.200195,1713.5,7335,268.4133911,264.9645996,1600.099976,4862.399902,1447.75,363.8797913,1337.550049,5029.549805,2310.600098,1807.47876,1646.599976,600.4500122,4002.231201,590.9000244,2367.949951,1240.300049,962.0999756,1940.050049,429.8156433,906.0499878,1750.599976,3462.600098,3049.5,11741.15039,2204.929932,307.9974976,255.2876282,286.8948059,1238.75,1496.401978,748.1500244,1760.241577,963.1500244,770.5,126.9300003,4222.986328,1647.5,3322.5,6161.149902,10483.75,287.1441956
1/15/2025,2388.149902,1128.900024,6682.398438,2229.699951,1026.800049,8578,1671.650024,7177.399902,266.3746948,261.8265686,1607.449951,4877,1447.199951,369.1519775,1337.199951,5081.899902,2317.550049,1819.588013,1643.050049,594.2000122,4011.254883,591.5499878,2373,1238.25,962.4500122,1949.650024,430.5539856,904.0499878,1789.599976,3501.399902,2960.25,11947.40039,2185.653076,318.8627625,253.1403656,295.1976929,1252.199951,1469.952271,753.7000122,1746.325439,955.5499878,763.5999756,126.5299988,4239.49707,1675.949951,3323.5,6390.25,10521.65039,286.9480896
1/16/2025,2427.850098,1150.75,6780.060059,2215.600098,1038,8581.950195,1697.349976,7259.75,274.6289673,261.7285156,1630.199951,4844.549805,1443.5,373.3401794,1302.75,5047.799805,2350.699951,1786.25,1652.050049,641.4000244,3974.380371,602.5999756,2345,1249.099976,975.3499756,1928.449951,426.1239014,906.7999878,1805.550049,3507.899902,2980.600098,12092.2998,2155.496338,322.9806519,258.0427551,294.209259,1266.449951,1510.724609,766.2999878,1752.736938,937.7000122,774.3499756,127.8099976,4196.299805,1687.650024,3316.899902,6211.549805,10636.2002,282.4377136
1/17/2025,2399.800049,1163.5,6818.456055,2261,991.0499878,8581.400391,1680.650024,7182.100098,280.5959167,268.2987061,1627.5,4854.399902,1442.300049,382.0121765,1309.400024,5012.299805,2375.850098,1788.900024,1636.75,642.2000122,3997.695068,617,2354,1225.449951,970.9500122,1815.449951,433.3597107,908.5999756,1758.599976,3568.649902,2917.350098,12136.34961,2203.091553,323.6256104,261.3666077,299.1020508,1302.349976,1537.573608,764.0999756,1775.847656,954.4500122,779.75,130.2799988,4124.299805,1660.300049,3357.399902,6216.549805,10580,276.4565735
1/20/2025,2442.800049,1148.699951,6771.272949,2280.550049,988.0499878,8544.400391,1735.199951,7440.100098,284.2257996,271.927002,1641.150024,4885.399902,1445.449951,381.4208984,1302.349976,5016.75,2402,1796.199951,1651.25,634.0499878,3991.939697,618.1500244,2345.199951,1232.949951,970.7000122,1813.300049,430.8985291,919.2000122,1920.5,3593,2888.100098,12020.0498,2199.911865,333.4489746,264.1021423,302.7098389,1305.449951,1496.851074,779.25,1767.59729,960.2999878,774.3499756,131.6600037,4077.800049,1674.599976,3382.25,6090,10624.4502,294.4000244
1/21/2025,2384.300049,1106.199951,6909.377441,2260.350098,970.2000122,8468.549805,1717,7291.649902,277.4632568,274.7708435,1626.150024,4903.850098,1428,376.000885,1288.150024,4969.950195,2367.5,1802.400024,1642.400024,624,3926.286865,614.9500122,2340.5,1196.150024,960.4500122,1800.699951,430.7508545,926.8499756,1893.300049,3541.100098,2821.300049,11883.7002,2182.473633,321.789917,260.6116333,298.85495,1273.699951,1463.76416,759.0499878,1752.140381,972.0999756,760.75,129.6999969,4035.850098,1640.5,3353.350098,5736.950195,10667.7998,292.5370483
1/22/2025,2376.550049,1102.25,6883.164551,2262.100098,959.2999878,8460.849609,1743.300049,7397.149902,268.8609314,272.2211914,1631.75,4956.700195,1439.400024,373.6850891,1296.25,5009.700195,2388.149902,1827.699951,1666.050049,618.2000122,3956.43042,613.4500122,2342.949951,1200.449951,970.9500122,1856.449951,430.2094116,919.4000244,1917.5,3518.199951,2826.449951,12020.34961,2193.751465,319.9046326,258.8957825,294.1104126,1277.099976,1457.276489,753.4500122,1788.173218,967.4000244,742.75,128.9199982,4156.600098,1683.949951,3356.449951,5626.350098,10693.75,303.0776062
1/23/2025,2385,1104,6911.075195,2276.350098,951.0499878,8399.950195,1746.150024,7443.25,272.4411011,265.9942322,1636,5012.600098,1451.150024,380.1890564,1289.400024,5116.200195,2461.149902,1807,1664.900024,621,3999.987793,608.25,2321.699951,1201.75,970.9500122,1865.449951,433.3597107,929.9000244,1894.849976,3503.25,2886.449951,12045.75,2184.957764,321.1449585,257.9153137,290.9474182,1263.650024,1447.095703,745.9000244,1822.615723,983.9000244,752.5,130.3699951,4145.450195,1713.400024,3398.550049,5733.600098,11420.90039,311.5100403
1/24/2025,2315.100098,1094.150024,6735.522949,2262.399902,948.5,8401.5,1728.699951,7438.600098,268.6620178,258.6885681,1644.800049,5101.549805,1411.400024,377.4790649,1224.400024,5206.299805,2490.75,1792.849976,1649.800049,621.0999756,3952.723389,606.9000244,2368.100098,1209.199951,950.7999878,1875.449951,434.7379456,932.4500122,1886.199951,3458.199951,2801.399902,11967.90039,2193.850586,321.1449585,251.5029907,292.4300842,1246.300049,1437.663696,744.1500244,1811.283936,992.3499756,734.0999756,129.7400055,4152.350098,1723.050049,3402.149902,5490.450195,11285.84961,313.8632813
1/27/2025,2259.699951,1082,6685.993652,2251.5,948.0999756,8384.599609,1711.599976,7295.450195,261.5016785,256.2369995,1602.599976,5176.25,1396.099976,370.2852478,1197.650024,5144.5,2458.050049,1711.949951,1629.800049,610.2000122,3917.65332,586.9000244,2392.850098,1227.949951,926.4500122,1822,433.2612305,919.3499756,1881.400024,3457.649902,2831.600098,11993.84961,2160.911621,319.7062073,245.8848267,283.682373,1229.349976,1421.694092,749.2000122,1776.145752,965.7999878,713.0499878,126.3700027,4065.149902,1653.900024,3319.350098,5412.600098,11239.5,301.9500122
1/28/2025,2286.050049,1080.699951,6699.474609,2241.800049,983.7999878,8398.400391,1768.949951,7606.600098,256.8275452,253.0499878,1618.349976,5060.75,1420.599976,365.2593994,1181.25,5105.399902,2411.300049,1693.25,1670.400024,611.5499878,3927.799072,573.8499756,2388.850098,1246.900024,934.1500244,1829.75,428.6835022,916.1500244,1887.75,3413.899902,2870.600098,12123.75,2142.579102,315.7867432,243.8258057,280.6676331,1234.400024,1416.803467,752.4000244,1695.283081,961.25,728.25,128.6199951,4040.300049,1648.349976,3325.899902,5455.100098,11296.34961,303.6000061
1/29/2025,2318.600098,1096.949951,6774.717773,2223.149902,983.4000244,8625.849609,1790.400024,7759.649902,265.7282715,257,1600.449951,5037.049805,1423.949951,373.9314575,1181.199951,5182.899902,2453.649902,1719,1677.300049,628.3499756,3972.770508,584.0999756,2383.949951,1251.650024,948.2999878,1881.25,426.6161194,937.5999756,1920.349976,3449.699951,2924.350098,11977.90039,2166.82373,318.7635498,246.4927216,284.5225525,1235.5,1458.124756,758.4500122,1724.954224,960.5,752.5,130.8000031,4099.799805,1681.150024,3370.75,5597.149902,11544.84961,312.4500122
1/30/2025,2252.600098,1077.050049,6815.010742,2249.850098,984.7000122,8747.799805,1745.199951,7901.649902,277.2146301,257.1499939,1640.75,5075.350098,1457.449951,379.4499817,1194.5,5164.350098,2491.699951,1713.099976,1691.5,634.1500244,4075.541748,587.8499756,2408.75,1255.599976,957.0499878,1859.949951,429.4218445,950.8499756,1901.5,3420.949951,2971.449951,12000,2203.240723,320.5,251.7088776,291.9358521,1253.050049,1470.102051,762.5999756,1728.681763,966.7000122,696.8499756,131.1199951,4100.049805,1670.099976,3368.399902,5511.200195,11479.40039,309
1/31/2025,2287.800049,1099.349976,6800.880859,2300.800049,986.0999756,8847.799805,1736.099976,7885.100098,291.0380859,261.1000061,1626.300049,5129.649902,1479.400024,395.8999939,1217.349976,5194.299805,2508.850098,1725.449951,1698.75,638.0499878,4232.942383,594.2999878,2468.800049,1252.800049,991.2000122,1879.800049,440.5462341,945,1901.300049,3567.399902,2989.850098,12310.65039,2298.480713,324,257.4838867,298.1630249,1265.099976,1480.781616,772.9000244,1733.502686,1024.650024,716.0999756,134.6199951,4112.399902,1674.449951,3490.25,5753.200195,11487.4502,311.8999939
2/1/2025,2270,1084.099976,6831.437988,2351.149902,998.1500244,9155.599609,1754,8000.100098,280.2478333,255.6499939,1623.25,5201.350098,1439.5,385.2999878,1204.949951,5390.149902,2440.75,1694,1690.949951,625.5,4294.400391,586.4500122,2506.050049,1255.550049,1009.400024,1851.349976,455.3623657,934.25,1903.099976,3447.5,3076.75,12916.5,2312.391602,317.7000122,252.5226593,286.4994507,1264.599976,1451.587158,766,1731.763184,1069.849976,706.5499878,132.9700012,4073.149902,1646.400024,3552,6189.5,11259.15039,304.7999878
2/3/2025,2261.850098,1084.849976,6789.047363,2292.25,989.4000244,8926.549805,1794.849976,8425.799805,272.6399841,249.5500031,1652.349976,5105.549805,1420.550049,374,1203.849976,5485.25,2473.649902,1692,1678,621.4000244,4181.727539,574.0499878,2441.949951,1253,1012.700012,1863.300049,447.2898254,933.9500122,1884.5,3289.199951,3173.300049,13139.9502,2302.355957,311.25,244.1395721,280.5193481,1245.900024,1457.176514,760.9500122,1730.172852,1036.300049,687.4500122,131.8200073,4068.649902,1654.699951,3580.300049,6135.100098,11174.65039,313.6000061
2/4/2025,2301.5,1125.099976,6782.606934,2354.350098,1015.299988,8911.400391,1813.25,8475.349609,282.9329834,255.9499969,1661.449951,5028.350098,1449.050049,376.5499878,1219.949951,5450.100098,2484.699951,1732.550049,1720.900024,625.9000244,4133.390625,583.9500122,2438.050049,1268.199951,1047.150024,1898.800049,448.0773621,944.25,1928.5,3439.149902,3189.050049,13109.9502,2284.818115,319.1000061,249.1400299,282.3479614,1285.199951,1469.602905,779.2000122,1754.675171,1034.199951,710.5499878,133.4199982,4107.049805,1659.050049,3597.699951,5750.299805,11519.15039,316.25
2/5/2025,2324.600098,1144.349976,6934.841309,2275.199951,1013.299988,8927.799805,1796.75,8509.450195,287.3584595,261.25,1660.449951,4932.649902,1436.800049,382.8500061,1227.550049,5417.200195,2490,1712.849976,1737.800049,627.8499756,4165.875488,600.5999756,2391.050049,1267.699951,1061.199951,1897.050049,441.1861572,949.9000244,1911.75,3383.199951,3178.75,13086.7998,2234.639648,319.6000061,256.5426331,281.9031982,1278.199951,1466.359131,766.0499878,1742.25,1015.299988,717.0499878,134.3999939,4091.100098,1661,3490.899902,5749.950195,11585.7002,317.1000061
2/6/2025,2312.449951,1164.050049,6864.541016,2263.399902,1020.700012,8846.349609,1788,8507.299805,278.209137,262.5499878,1619.75,4956.049805,1471.5,379.6000061,1236.650024,5342,2499,1723.5,1743.849976,631.9500122,4126.512695,595.4500122,2372.699951,1272.400024,1065.550049,1915.650024,434.245697,948.4000244,1915.949951,3352.75,3139.949951,13074,2225.199951,312.7999878,251.1499939,277.8999939,1281.550049,1462.316772,752.25,1742,1023.349976,709.6500244,132.5399933,4082.75,1669.599976,3410.75,5277.100098,11477.34961,317.9500122
2/7/2025,2338.800049,1146.099976,6780.958984,2271,1024.099976,8989.400391,1798.349976,8474.25,275.5239868,264.2999878,1676.75,4870.5,1472.25,378.25,1240.400024,5372.549805,2487.600098,1725.650024,1732.75,635.7000122,4170.021484,607.4000244,2363.850098,1256.900024,1079.099976,1903.650024,424.1549683,980.75,1929.25,3336.899902,3198.449951,13049.5,2225.100098,316.9500122,248.8999939,278.1499939,1266.699951,1468.15564,737.2000122,1749.800049,1021.200012,706.75,138.3099976,4029.399902,1692.099976,3424.800049,5454.399902,11640.59961,318
2/10/2025,2290.800049,1144.199951,6751.700684,2270.149902,1011.75,8880.549805,1792.400024,8286.799805,271.9438477,259.8999939,1693.050049,4909.649902,1458.849976,370.5,1220.949951,5335.350098,2473.25,1733.849976,1715.75,635.7000122,4093.735596,596,2361.449951,1262.599976,1068,1880.300049,420.5617065,959.1500244,1960.150024,3328.649902,3137.25,12900.75,2221.050049,310.5,242.4499969,268.7000122,1253.650024,1445.448853,736.7999878,1732.099976,1027.5,696,134.0399933,4036.949951,1699.050049,3327.449951,5196.75,11532.2998,319.0499878
2/11/2025,2321.75,1140.099976,6308.427734,2240.850098,1007.400024,8762,1744.849976,8191.200195,263.5900879,255.1499939,1696.75,4904.049805,1453.150024,359,1209.800049,4972.350098,2491.449951,1723.199951,1701.400024,618.5999756,3985.550049,595.8499756,2315.25,1252.75,1054.150024,1875.650024,411.7999878,954.5,1918.599976,3239.649902,3085.949951,12724.34961,2195.5,305.6000061,238.9499969,261.4500122,1234.849976,1416.304443,731.0999756,1699.75,1013.799988,677.75,130.1100006,3963.550049,1669.099976,3281.800049,5228.350098,11300.2002,313
2/12/2025,2353.449951,1128.949951,6365.546387,2228.25,1006.900024,8711.599609,1788.699951,8214.049805,257.7225952,255.6000061,1711.550049,4918.299805,1449.199951,360.3500061,1215.849976,4849.450195,2484.949951,1717.300049,1706.800049,629.1500244,4015.75,598.9000244,2332.5,1251.800049,1039.650024,1863.150024,409.8999939,956.4000244,1943.949951,3289.649902,2987.199951,12655.5498,2193.75,306.25,237.3999939,257.0499878,1216.550049,1449.391479,733.1500244,1693.849976,1029.75,684.3499756,132.2799988,3950.149902,1680.199951,3255.449951,5237.299805,11478.5,310.2000122
2/13/2025,2244.699951,1111.550049,6363.200195,2236.399902,1008.200012,8691.349609,1849.25,8409,260.109375,255.75,1714.599976,4888.700195,1472.150024,361.6499939,1223.599976,4820.399902,2490.100098,1703.099976,1697.699951,629.5999756,3956.550049,602.5,2321.5,1248.900024,1047.25,1843.25,409.7000122,969.7999878,1972.800049,3263.649902,2978,12671.2998,2177.550049,306.7000122,234.9499969,259.1499939,1216.099976,1467.706543,727.6500244,1746.349976,1022.799988,683.8499756,136.25,3910.149902,1675.300049,3231.5,5256.799805,11546.4502,308.5499878
2/14/2025,2152.649902,1062.699951,6270.5,2231.300049,997.5,8506.5,1841.300049,8392.299805,248.9710693,251,1717.050049,4939.649902,1459.449951,354.2000122,1197.050049,4703.350098,2431.300049,1711.25,1694.849976,626.2000122,3862.399902,606.2000122,2318.350098,1260.099976,1024.400024,1856.400024,410.25,964.5999756,1952.400024,3237.649902,2942.600098,12680.25,2195.850098,300.3500061,230.5,257.3500061,1217.25,1462.666138,722.1500244,1700.5,1022.549988,680.6500244,134.4700012,3934.850098,1659.099976,3213.25,5117.350098,11263.84961,308.1000061
2/17/2025,2223.699951,1082.900024,6300.200195,2250.850098,992.9500122,8537.150391,1894.849976,8426.599609,247.1312561,252.3000031,1675.550049,4963.700195,1474.650024,360.1000061,1198.949951,4745.200195,2463.850098,1709.900024,1717.349976,623.25,3876.449951,610.8499756,2329.399902,1251.150024,1048.25,1842.300049,408.6000061,973.5499878,1945.300049,3221.850098,2831.949951,12762.90039,2216.5,302.3500061,233.6499939,263.2000122,1224.900024,1473.39563,727.7000122,1714.199951,1023.25,686.5999756,134.2899933,3904.5,1664.949951,3233.199951,5096.450195,11490.09961,305.3500061
2/18/2025,2220.300049,1085.150024,6376.850098,2237.600098,994.1500244,8446.599609,1893.699951,8465.900391,243.2527466,252.75,1668.900024,4891.200195,1482.099976,361.1000061,1197.400024,4719.399902,2463.199951,1725.5,1723.050049,618.9500122,3840.5,611.4500122,2296,1243.050049,1024.099976,1851.949951,405.25,978.7999878,1963.349976,3220.149902,2790.050049,12786.2002,2222.399902,311.2000122,236.6000061,266.9500122,1225.400024,1472.547363,725.7999878,1701.599976,1026.949951,682.4000244,134.5399933,3873.199951,1705,3221.850098,4997.75,11308.90039,312.2000122
2/19/2025,2180.800049,1082.849976,6422.649902,2239.100098,1011.349976,8479.5,1875.349976,8439.450195,252.0042725,255.6000061,1645.199951,4837.5,1464.150024,362.2999878,1165.849976,4810.600098,2463.199951,1712.300049,1727.199951,622.8499756,3879.149902,626.2999878,2250.399902,1261.650024,1035.800049,1810.800049,406.3999939,977.3499756,1985,3275.899902,2757.399902,12686.15039,2204.949951,314.7999878,238.3000031,263.0499878,1227.449951,1472.796875,727.2999878,1676.599976,1025.300049,681,135.7599945,3784.100098,1685.800049,3210.300049,4991.450195,11291.5498,314.1000061
2/20/2025,2179,1111.699951,6390.950195,2249.050049,1017.200012,8630.200195,1881.25,8399.450195,258.8165283,258.6000061,1643.5,4832.399902,1479.699951,367.9500122,1170.949951,4888.399902,2453.699951,1687.550049,1687.099976,620,3909.100098,638.7999878,2248.050049,1249.949951,1047.650024,1825.150024,402.0499878,981.1500244,1970.550049,3275.800049,2839.449951,12440.65039,2206.75,325.1499939,241.8999939,265.75,1233,1467.007935,729.7000122,1669.300049,1008.900024,689.7999878,138.0399933,3779.399902,1657.849976,3191.449951,5099.5,11287.59961,313.2999878
2/21/2025,2133.100098,1083.25,6317.549805,2257.600098,1008.950012,8506.049805,1879.349976,8396.700195,254.6894073,251.3000031,1639.25,4831.899902,1475.75,369.9500122,1151.800049,4962.450195,2431.050049,1700.699951,1692.5,622.8499756,3852.600098,653.5499878,2241.649902,1232.949951,1043.75,1815,400.8999939,981.9000244,1953.050049,3315.100098,2669.350098,12323.4502,2214.949951,326.25,239.8999939,261.8999939,1228.150024,1492.559326,722,1643.75,1004,673.2000122,140.7599945,3786,1649.5,3179.899902,5048.200195,11157.25,306.3500061
2/24/2025,2115.149902,1070.400024,6251.399902,2246.199951,1010.049988,8446.950195,1857.800049,8354.950195,254.9380341,251,1601.300049,4804.299805,1476.75,364.7999878,1164.550049,5010.799805,2393.699951,1644.050049,1677.099976,617,3884.850098,641.9000244,2241.449951,1218.349976,1029.150024,1764.099976,401.8999939,966.7999878,1966.099976,3257.699951,2709.199951,12345.2002,2220.399902,320.1000061,234.3500061,259.1499939,1214.550049,1483.676147,716.4000244,1639.5,1002.400024,668.25,137.6499939,3675.600098,1613.699951,3173,5066,11042.65039,295.0499878
2/25/2025,2129.850098,1080.349976,6251.350098,2224.75,1009.099976,8417.900391,1875.099976,8488.799805,255.2363586,248.4499969,1641.400024,4798.049805,1463.349976,361.1499939,1128.150024,4989.799805,2379.300049,1636.099976,1682.349976,622.1500244,3828.25,619.4500122,2259.300049,1224.150024,1034.25,1767.699951,404.8500061,958.75,1967.25,3225.899902,2777.850098,12476.34961,2250.399902,318.7000122,233,255.75,1204,1468.954224,710.9000244,1613.599976,1004.849976,661.5999756,137.0700073,3629.550049,1593.949951,3198.800049,4959.899902,10964.15039,291.2999878
2/27/2025,2110.949951,1078.949951,6185.200195,2213.649902,1016.700012,8232.349609,1925.550049,8705.400391,251.059494,244.75,1650.400024,4782.799805,1441.150024,363.8500061,1125.550049,4935.5,2339.949951,1629.199951,1700.699951,618.4000244,3759.550049,631.9500122,2244.949951,1222.449951,1046.699951,1764.300049,401.6000061,975,1947.550049,3209.5,2726.550049,12380.59961,2278.199951,315.7000122,231,256.25,1207.099976,1466.958008,703.9000244,1647.5,1008,648.5499878,138.6900024,3612.550049,1588.25,3223.100098,4805.299805,10447.65039,294.5
2/28/2025,2096,1069.400024,6052.600098,2179.75,1015.549988,7902.899902,1872.300049,8530.299805,244.8936462,237.3000031,1570.199951,4595.450195,1407.5,369.3500061,1116.5,4773.600098,2306.649902,1575.050049,1732.400024,608.5,3681.100098,634.3499756,2190.25,1204.099976,990.0999756,1687.699951,395,950.7000122,1902.949951,3163.850098,2585.100098,11945.84961,2189.649902,311.4500122,225.25,250.8500061,1200.099976,1427.782593,688.7999878,1593.25,963.7000122,620.6500244,137.1999969,3483.25,1487.849976,3077.25,4851.549805,10128.4502,277.6499939
3/3/2025,2117.100098,1053.050049,6170.600098,2166.399902,1007.25,7714.799805,1838.550049,8627.849609,255.9723053,242.4100037,1595.800049,4596.600098,1407.550049,360.3500061,1119.599976,4906.600098,2377.449951,1572.400024,1701.550049,618,3630.75,636.5499878,2176.850098,1206.199951,984,1708.599976,397.4500122,976.0499878,1914.599976,3197.300049,2611.899902,11775.59961,2185.550049,314.3999939,225.1300049,252.5,1171.25,1405.824341,695.2999878,1585.099976,953.9000244,621.1500244,138.5700073,3493.050049,1493.050049,3082,4946.899902,10340.7998,283.5499878
3/4/2025,2144.800049,1057.949951,6188.149902,2132.100098,1001.799988,7333.299805,1790.300049,8585.950195,263.2519531,249.9199982,1575.349976,4575.200195,1401.800049,363.8500061,1120.150024,4815.100098,2394.649902,1535.5,1710,616.5,3514.850098,641.6500244,2157.350098,1210.400024,987.5999756,1688.300049,394.8500061,974.0999756,1907.800049,3213,2613.350098,11616.25,2146.5,313.75,226.7599945,254,1161.900024,1390.453613,716.0499878,1566.5,954.5499878,619.2000122,139.3399963,3532.050049,1488.25,3048.5,4999.799805,10370.09961,280
3/5/2025,2245.850098,1112.699951,6214.399902,2164.149902,1014.450012,7420.299805,1801.800049,8298.700195,273.4057617,255.8399963,1618.25,4722.149902,1419.75,368.25,1126.400024,4988.299805,2391.649902,1572.949951,1690,621.2000122,3588.75,657.3499756,2170.449951,1215.699951,971.8499756,1711.5,405.0499878,1002.700012,1933.099976,3239.649902,2726.600098,11617.34961,2197,326.2000122,228.9400024,264.3999939,1175.599976,1418.001099,730.3499756,1582.449951,956.7999878,640.7999878,146.1000061,3547.050049,1538.099976,3086.550049,5106.100098,10464.2002,285.1000061
3/6/2025,2252.850098,1136.199951,6274.100098,2267.699951,1034.099976,7462.25,1845.449951,8410.849609,271.4465942,265.0400085,1626.900024,4702.549805,1461.75,382.6000061,1140.099976,5094.399902,2393.649902,1585.449951,1691.199951,618.25,3648.75,681.9500122,2218.949951,1218.050049,971.7000122,1715.849976,405.7000122,1011.099976,1921.699951,3259.899902,2742.399902,11666.40039,2201.199951,337.8999939,232.6000061,266.6499939,1209.599976,1418.600098,732.0499878,1614,958.1500244,639.6500244,150.4400024,3601.600098,1503.449951,3121.100098,5069.5,10493.5,285.8999939
3/7/2025,2247.5,1144.5,6216.100098,2270,1037.650024,7574.75,1845.300049,8404.5,275.464325,261.2600098,1630.699951,4748.25,1458.449951,380.6499939,1133.25,5100.700195,2407.25,1557.949951,1689.25,625.2000122,3652.5,691.3499756,2204.550049,1214.550049,936.75,1686,403.8999939,1011.150024,1935.400024,3244.699951,2727.850098,11664.15039,2238.449951,329.5499878,232.8899994,263.2999878,1249.800049,1411.599976,732.75,1609.300049,962.0499878,648.2999878,151.5599976,3611.199951,1492.349976,3079.350098,4999.850098,10582.40039,284.7999878
3/10/2025,2228.300049,1142.900024,6149.600098,2278.600098,1035.849976,7383.399902,1840.349976,8342.599609,270.8299866,256.9299927,1630.949951,4737.700195,1462.75,375.1499939,1120.199951,4990.549805,2383.949951,1549.300049,1687.5,625.9000244,3582.850098,689.1500244,2247.75,1214.849976,900.5,1701.449951,405,1013.5,1921.75,3177.699951,2702.600098,11586.0498,2248.399902,329.3999939,223.1900024,271.2999878,1238.400024,1419.449951,728.9000244,1611.5,957.2999878,648.1500244,151.0500031,3589.649902,1486.849976,3026.800049,4799.700195,10520.09961,280.8999939
3/11/2025,2250.600098,1135,6134.799805,2287.399902,1025.650024,7499.950195,1805.400024,8340.450195,277.1799927,264.5799866,1662.949951,4762.049805,1445.75,379.0499878,1116.650024,4985.549805,2413.550049,1567.849976,1685.5,636.9500122,3650.649902,695.5,2216.949951,1245.400024,655.9500122,1661.599976,406.2000122,1018.650024,1935.199951,3195.449951,2645.600098,11646.9502,2251.399902,330.2999878,226.7200012,267.2999878,1247.300049,1417.25,729.8499756,1655.300049,959.8499756,648.0499878,150.75,3575.300049,1479.199951,3046.399902,4995.450195,10439.25,277.75
3/12/2025,2241.800049,1128.300049,6143.75,2251.300049,1011.200012,7515.049805,1819.449951,8484.450195,276.8299866,266.3200073,1642.849976,4792.049805,1454.300049,380.7000122,1105.150024,5017.450195,2398.899902,1540.599976,1711.150024,632,3610.25,689.8499756,2192.899902,1243.949951,684.7000122,1590.849976,412.3999939,1010.400024,1982.550049,3193.649902,2653.300049,11640.09961,2195.5,330.1499939,224.3999939,267.1000061,1257.050049,1409,723.0499878,1676.849976,945.4500122,668.2999878,150.3000031,3506.199951,1438.300049,3018.949951,5015.350098,10520.40039,268.5499878
3/13/2025,2221.100098,1119.199951,6105.649902,2231.300049,1010.200012,7504.700195,1807.449951,8420.450195,280.0700073,264.4100037,1632.5,4728.25,1461.900024,378.2999878,1107.949951,5015.25,2370.199951,1534.75,1706.599976,622.4000244,3529.149902,677.3499756,2174.800049,1250.050049,672.3499756,1579.849976,412.0499878,1001.200012,1985.099976,3187.300049,2643.5,11513.7998,2191.949951,331.8999939,225.4299927,267.6499939,1247.900024,1385.550049,727.8499756,1683.449951,946.0999756,655.5,150.8800049,3511.050049,1440.650024,3010.149902,5022.399902,10452.09961,264
3/17/2025,2252.699951,1137.150024,6156.649902,2219.550049,1034.150024,7486.049805,1871.599976,8580.349609,279.9299927,261.4200134,1639.150024,4674.899902,1492.599976,385.75,1150.699951,5050.25,2399.350098,1545.150024,1710.400024,629.7999878,3493.100098,680.75,2171.25,1269,677.4000244,1590.050049,407.9500122,1005.700012,1993.099976,3173.449951,2705.149902,11553.7002,2174.350098,331.6499939,229.7400055,267.3500061,1238.849976,1434.25,723.1500244,1704.300049,940.4500122,661.0499878,151.8099976,3497.699951,1440.099976,3017.350098,5159.549805,10547.09961,259.8500061
3/18/2025,2252.699951,1137.150024,6156.649902,2219.550049,1034.150024,7486.049805,1871.599976,8580.349609,279.9299927,261.4200134,1639.150024,4674.899902,1492.599976,385.75,1150.699951,5050.25,2399.350098,1545.150024,1710.400024,629.7999878,3493.100098,680.75,2171.25,1269,677.4000244,1590.050049,407.9500122,1005.700012,1993.099976,3173.449951,2705.149902,11553.7002,2174.350098,331.6499939,229.7400055,267.3500061,1238.849976,1434.25,723.1500244,1704.300049,940.4500122,661.0499878,151.8099976,3497.699951,1440.099976,3017.350098,5159.549805,10547.09961,259.8500061
3/19/2025,2318.649902,1173.5,6427.549805,2280.699951,1052.050049,7721.850098,1842.25,8731.599609,290,265.2600098,1637.150024,4707.100098,1499.150024,395.8500061,1172.099976,5100.899902,2458.199951,1544.449951,1744.099976,664.5499878,3537,698.5499878,2200.050049,1313.099976,692.7000122,1586.550049,403.0499878,1033.349976,2021.550049,3319.550049,2789.100098,11615.5498,2184,341.2999878,232.5700073,277.2000122,1247.150024,1484.900024,745.0999756,1732.349976,949.8499756,682.25,158.6000061,3497.100098,1396.150024,3076.300049,5230.850098,10933.25,265.7000122
3/20/2025,2339.300049,1177.449951,6474.350098,2287.199951,1054.349976,7920,1851.849976,8679.650391,297.0499878,272.1300049,1705.25,4831.100098,1512.050049,396.3999939,1187.199951,5229.350098,2468.149902,1562,1768.75,674.3499756,3597.149902,705.9500122,2242.399902,1321.699951,684.0999756,1615.550049,403.9500122,1050.25,2035.650024,3351.050049,2828.100098,11730.2002,2221.550049,341.75,235.5899963,280.3500061,1269.150024,1498.349976,749.5499878,1750.25,965.8499756,690.0499878,159.0399933,3563.149902,1410.550049,3193.100098,5221.549805,10948.15039,268
3/21/2025,2362.800049,1188.800049,6611.549805,2300.399902,1070.150024,8067.850098,1847.25,8916.099609,295.7399902,279.6600037,1725.800049,4814,1523.849976,405.3999939,1200.150024,5305.950195,2469.399902,1566.699951,1770.349976,679.5999756,3629,695.3499756,2246.199951,1343.099976,686.9000244,1592.550049,405.5499878,1058.699951,2079,3415.949951,2801.850098,11732.7998,2268.850098,351.2999878,242.4199982,283.1000061,1276.349976,1546.400024,753.2000122,1784.5,961.2000122,702.9500122,157.2799988,3578.100098,1409.25,3162.699951,5150.049805,10976.75,264.2999878
